<?xml version="1.0" encoding="UTF-8"?>
<u:users
    xmlns:xsi="http://www.w3.org/2001/XMLSchema-instance"
    xmlns:u="http://www.rennequinpolis.be/users.xsd"
    xsi:schemaLocation="http://www.rennequinpolis.be/users.xsd users.xsd http://www.rennequinpolis.be/user.xsd user.xsd"
    xmlns="http://www.rennequinpolis.be/user.xsd" >

    <user>
        <id_user>1</id_user>
        <lastname>AHALLOUCH</lastname>
        <firstname>Kaoutare</firstname>
        <login>kaou</login>
        <pwd>aha</pwd>
        <sex>F</sex>
        <email>kaoutare_ahallouch@outlook.fr</email>
        <birthday>1991-09-28</birthday>
        <created_at>2016-05-28</created_at>
        <updated_at>2016-05-28</updated_at>
        <is_deleted>0</is_deleted>
        <deleted_at xsi:nil="true"/>
        <token>LOCAL</token>
    </user>
    
    <user>
        <id_user>2</id_user>
        <lastname>sOULEIMAN</lastname>
        <firstname>Ilsan</firstname>
        <login>ilsan</login>
        <pwd>sou</pwd>
        <sex>f</sex>
        <email>ilsan_souleiman@outlook.fr</email>
        <birthday>1993-09-28</birthday>
        <created_at>2016-05-28</created_at>
        <updated_at>2016-05-28</updated_at>
        <is_deleted>1</is_deleted>
        <deleted_at>2016-05-29</deleted_at>
        <token>LOCAL</token>
    </user>
    
</u:users>
